Gabriel,homme
Arthur,homme
Louise,femme
Raphael,homme
Adam,homme
Chloe,femme
Paul,homme
Alexandre,homme
Louis,homme
Emma,femme
Antoine,homme
Maxime,homme
Alice,femme
Ines,femme
Sarah,femme
Jeanne,femme
Lucas,homme
Victor,homme
Mohamed,homme
Camille,femme
Juliette,femme
Lea,femme
Nathan,homme
Thomas,homme
Sacha,homme
Jules,homme
Eva,femme
Lina,femme
Hugo,homme
Manon,femme
Zoe,femme
Adrien,homme
Nina,femme
Jade,femme
Noah,homme
Anna,femme
Clement,homme
Gaspard,homme
Joseph,homme
Augustin,homme
Charlotte,femme
Anais,femme
Rayan,homme
Ethan,homme
Oscar,homme
Martin,homme
Samuel,homme
Yanis,homme
Baptiste,homme
Mathilde,femme
Romane,femme
Leo,homme
Clemence,femme
Enzo,homme
Lucie,femme
Rose,femme
Gabrielle,femme
Lou,femme
Simon,homme
Noe,homme
Clara,femme
Adele,femme
Sofia,femme
Maxence,homme
Marie,femme
Axel,homme
Lisa,femme
Victoire,femme
Josephine,femme
Theo,homme
Valentin,homme
Alexis,homme
Leonie,femme
Heloise,femme
Julia,femme
Ava,femme
Lola,femme
Liam,homme
Margaux,femme
Maya,femme
Quentin,homme
Valentine,femme
Charles,homme
Côme,homme
Agathe,femme
Pierre,homme
Yasmine,femme
Aaron,homme
Alix,femme
Elisa,femme
Diane,femme
Mathis,homme
Mila,femme
Victoria,femme
Jean,homme
Apolline,femme
Benjamin,homme
Noemie,femme
Elise,femme
Gabin,homme
Camille,homme
Ismael,homme
Lena,femme
Olivia,femme
Pauline,femme
Sara,femme
Timothee,homme
Elsa,femme
Margot,femme
David,homme
Leon,homme
Capucine,femme
Tom,homme
Alicia,femme
Elias,homme
Salome,femme
Eliott,homme
Lucien,homme
Mael,homme
Romain,homme
Isaac,homme
Noam,homme
Emilie,femme
Robin,homme
Youssef,homme
Aya,femme
Ibrahim,homme
Nael,homme
Felix,homme
Laura,femme
Nour,femme
Tristan,homme
Iris,femme
Matthieu,homme
Ruben,homme
Joshua,homme
Mariam,femme
Esther,femme
Fatoumata,femme
Lily,femme
Romy,femme
Violette,femme
William,homme
Garance,femme
Julie,femme
Nicolas,homme
Ulysse,homme
Octave,homme
Constance,femme
Eleonore,femme
Amine,homme
Leonard,homme
Luna,femme
Suzanne,femme
Daniel,homme
Daphne,femme
Julien,homme
Stella,femme
Ambre,femme
Evan,homme
Malo,homme
Marius,homme
Nolan,homme
Roman,homme
Samy,homme
Faustine,femme
Gustave,homme
Mehdi,homme
Sophie,femme
Yacine,homme
Eden,femme
Gregoire,homme
Sasha,femme
Antonin,homme
Aurelien,homme
Ayoub,homme
Eloise,femme
Solal,homme
Achille,homme
Ines,femme
Oceane,femme
Sophia,femme
Anatole,homme
Edouard,homme
Elie,homme
Lila,femme
Mathias,homme
Rafael,homme
Emmanuel,homme
Justine,femme
Lenny,homme
Amir,homme
Hadrien,homme
Lena,femme
Lyna,femme
Milo,homme
Noham,homme
Theodore,homme
Aminata,femme
Armand,homme
Celeste,femme
Edgar,homme
Mathieu,homme
Noa,femme
Rayane,homme
Thibault,homme
Auguste,homme
Madeleine,femme
Matheo,homme
Ahmed,homme
Aicha,femme
Anis,homme
Assia,femme
Basile,homme
Marion,femme
Vadim,homme
Ali,homme
Esteban,homme
Manel,femme
Melissa,femme
Myriam,femme
Sixtine,femme
Vincent,homme
Lise,femme
Roxane,femme
Wassim,homme
Yassine,homme
Clementine,femme
Inaya,femme
Melina,femme
Mia,femme
Moussa,homme
Abel,homme
Anouk,femme
Cesar,homme
Emile,homme
Kenza,femme
Lilia,femme
Luca,homme
Maelys,femme
Celia,femme
Charlie,femme
Chiara,femme
Ella,femme
Eugenie,femme
Guillaume,homme
Leopold,homme
Theophile,homme
Titouan,homme
Arsene,homme
Diego,homme
Hector,homme
Ilyes,homme
Issa,homme
Joachim,homme
Lilou,femme
Max,homme
Paloma,femme
Zakaria,homme
Corentin,homme
Estelle,femme
Hanna,femme
Imane,femme
Jasmine,femme
Noa,homme
Sofiane,homme
Stanislas,homme
Zelie,femme
Alex,homme
Amaury,homme
Amelie,femme
Fatima,femme
Florian,homme
Lorenzo,homme
Louna,femme
Mamadou,homme
Marguerite,femme
Nathanael,homme
Adem,homme
Albane,femme
Alma,femme
Blanche,femme
Erwan,homme
Eve,femme
Marin,homme
Sami,homme
Younes,homme
Amina,femme
Berenice,femme
Hortense,femme
Isaure,femme
Jacques,homme
Maria,femme
Maryam,femme
Nassim,homme
Salma,femme
Selma,femme
Thais,femme
Hippolyte,homme
Livia,femme
Marc,homme
Naomi,femme
Ninon,femme
Alban,homme
Alexandra,femme
Awa,femme
Dina,femme
Djibril,homme
Hawa,femme
Ibrahima,homme
Ilian,homme
Kais,homme
Kylian,homme
Maelle,femme
Maissa,femme
Maximilien,homme
Nino,homme
Tess,femme
Amira,femme
Anaelle,femme
Dylan,homme
Elisabeth,femme
Elliot,homme
Leane,femme
Loic,homme
Marine,femme
Penelope,femme
Tiago,homme
Timeo,homme
Timothe,homme
Virgile,homme
Yann,homme
Alexia,femme
Anas,homme
Angele,femme
Anthony,homme
Bintou,femme
Charline,femme
Claire,femme
Colombe,femme
Farah,femme
Luc,homme
Matteo,homme
Milan,homme
Nora,femme
Oumou,femme
Ousmane,homme
Pablo,homme
Rachel,femme
Souleymane,homme
Andrea,homme
Celine,femme
Coline,femme
Dimitri,homme
Elena,femme
Eliot,homme
Giulia,femme
Hannah,femme
Henri,homme
Khadija,femme
Leandre,homme
Lucile,femme
Marcus,homme
Matthias,homme
Romeo,homme
Sirine,femme
Ana,femme
Aurore,femme
Axelle,femme
Charlie,homme
Kevin,homme
Lassana,homme
Marwa,femme
Mathys,homme
Mohammed,homme
Nahel,homme
Rebecca,femme
Aymen,homme
Brune,femme
Cleo,femme
Dorian,homme
Elina,femme
Emy,femme
Ethel,femme
Fanta,femme
Francois,homme
Gael,homme
Helene,femme
Jonas,homme
Louane,femme
Maia,femme
Marceau,homme
Matteo,homme
Morgane,femme
Rafael,homme
Zacharie,homme
Abdoulaye,homme
Amandine,femme
Aurele,homme
Bianca,femme
Eden,homme
Gaston,homme
Hamza,homme
Hana,femme
Kenzo,homme
Mina,femme
Nael,homme
Nils,homme
Olivier,homme
Raphael,homme
Raphaelle,femme
Sasha,homme
Syrine,femme
Alienor,femme
Alya,femme
Amadou,homme
Ambroise,homme
Ariane,femme
Camelia,femme
Cassandre,femme
Clotilde,femme
Emmy,femme
Eric,homme
Etienne,homme
Ilyas,homme
Ismail,homme
Judith,femme
Justin,homme
Karim,homme
Lana,femme
Lara,femme
Lison,femme
Louisa,femme
Neil,homme
Omar,homme
Philippine,femme
Remi,homme
Ryan,homme
Solene,femme
Aliya,femme
Andre,homme
Anton,homme
Astrid,femme
Aymeric,homme
Damien,homme
eleonore,femme
Elliott,homme
Elya,femme
Flora,femme
Jenna,femme
Jessica,femme
Johan,homme
Julian,homme
Kelly,femme
Laure,femme
Luka,homme
Maimouna,femme
Mariama,femme
Naim,homme
Owen,homme
Sandro,homme
Wael,homme
Walid,homme
Aissatou,femme
Aksel,homme
Balthazar,homme
Caroline,femme
Elea,femme
Elia,femme
Ewen,homme
Gauthier,homme
Idriss,homme
James,homme
Leonore,femme
Louison,femme
Maxine,femme
Michel,homme
Oumar,homme
Tessa,femme
Adama,homme
Aissata,femme
Ashley,femme
Assa,femme
Audrey,femme
Bastien,homme
Bilel,homme
Colette,femme
Constantin,homme
Elyes,homme
Hanae,femme
Leonardo,homme
Maeva,femme
Mayeul,homme
Mya,femme
Nayla,femme
Norah,femme
Rania,femme
Sam,homme
Shirel,femme
Sibylle,femme
Tara,femme
Wael,homme
Yohan,homme
Youssouf,homme
Adel,homme
Alan,homme
Anae,femme
Anastasia,femme
Augustine,femme
Calixte,homme
Coumba,femme
Diana,femme
Domitille,femme
Eloi,homme
Ernest,homme
Ewan,homme
Ferdinand,homme
Ilan,homme
Ivan,homme
Jana,femme
Jonathan,homme
Lili,femme
Loane,femme
Ludivine,femme
Melissa,femme
Nine,femme
Philomene,femme
Robinson,homme
Rosalie,femme
Sonia,femme
Thelma,femme
Alia,femme
Angelina,femme
Boubacar,homme
Bryan,homme
Christian,homme
Christophe,homme
Clarisse,femme
Enora,femme
Fares,homme
Georges,homme
Jad,homme
Kamil,homme
Lilya,femme
Lino,homme
Marcel,homme
Mateo,homme
Mateo,homme
Maylis,femme
Melvil,homme
Mona,femme
Mouhamed,homme
Nada,femme
Naelle,femme
Nell,femme
Niels,homme
Sacha,femme
Serena,femme
Soline,femme
Talia,femme
Wendy,femme
Yara,femme
Aliyah,femme
Alyssa,femme
Andrea,femme
Andy,homme
Anissa,femme
Bilal,homme
Carla,femme
Charly,homme
Chris,homme
Cleophee,femme
Colin,homme
Dan,homme
elea,femme
Elio,homme
Elouan,homme
Ema,femme
Emmanuelle,femme
Emna,femme
Eugene,homme
Felicie,femme
Fleur,femme
Florent,homme
Gaetan,homme
Isabelle,femme
Jeremy,homme
June,femme
Kevin,homme
Kiara,femme
Leila,femme
Lilas,femme
Lilian,homme
Louka,homme
Mahamadou,homme
Malak,femme
Malik,homme
Marilou,femme
Marwane,homme
Maud,femme
Maxim,homme
Melina,femme
Naomie,femme
Nawel,femme
Oren,homme
Rita,femme
Sekou,homme
Shana,femme
Soren,homme
Valentina,femme
Zachary,homme
Abdoul,homme
Aboubacar,homme
Alessio,homme
Amelia,femme
Andreas,homme
Anouck,femme
Asma,femme
Aurelie,femme
Camil,homme
Dalia,femme
Darius,homme
Eyal,homme
Fanny,femme
Fatou,femme
Florence,femme
Gabriela,femme
Hassan,homme
Ilyana,femme
Imran,homme
Ismael,homme
Jeremie,homme
Jordan,homme
Kenan,homme
Lior,homme
Liv,femme
Loan,homme
Lukas,homme
Marianne,femme
Marley,homme
Meline,femme
Mellina,femme
Nahil,homme
Pia,femme
Prune,femme
Rami,homme
Tali,femme
Youcef,homme
Zadig,homme
Zahra,femme
Adriana,femme
Alistair,homme
Alix,homme
Amelia,femme
Armel,homme
Bertille,femme
Billie,femme
Chaima,femme
Cheick,homme
Clelia,femme
Cyprien,homme
elise,femme
eloise,femme
Elyas,homme
Emilia,femme
Emilien,homme
Eulalie,femme
Flore,femme
Gabriella,femme
Gloria,femme
Isis,femme
Iyad,homme
Lou,homme
Lya,femme
Lyam,homme
Lylia,femme
Mahaut,femme
Mariame,femme
Marwan,homme
Melchior,homme
Mickael,homme
Milena,femme
Morgan,homme
Naila,femme
Neila,femme
Nikita,homme
Ornella,femme
Philippe,homme
Rokia,femme
Selyan,homme
Sienna,femme
Teo,homme
Thibaut,homme
Younes,homme
Adrian,homme
Aida,femme
Aidan,homme
Alassane,homme
Albert,homme
Alessandro,homme
Aline,femme
Alisha,femme
Alois,homme
Alycia,femme
Amel,femme
Angelo,homme
Ariel,homme
Athenais,femme
Avril,femme
Benoit,homme
Blandine,femme
Cecile,femme
Celia,femme
Christopher,homme
Cloe,femme
Clovis,homme
Damian,homme
Dario,homme
elie,homme
Ellie,femme
Fatim,femme
Filip,homme
Gaetan,homme
Grace,femme
Honore,homme
Ilias,homme
Ilyan,homme
Ilyes,homme
Irene,femme
Issam,homme
Iyed,homme
Khadidja,femme
Kim,femme
Lahna,femme
Lamine,homme
Leandro,homme
Lia,femme
Line,femme
Lucia,femme
Lucy,femme
Lyes,homme
Maeva,femme
Mahault,femme
Mario,homme
Marvin,homme
Mathilda,femme
Mayssa,femme
Melvin,homme
Nesrine,femme
Nolann,homme
Nolhan,homme
Noor,femme
Nourane,femme
Roxanne,femme
Ryad,homme
Sabrina,femme
Sana,femme
Sean,homme
Simeon,homme
Tony,homme
Yael,femme
Yael,femme
Yoann,homme
Abraham,homme
Alyah,femme
Alyssia,femme
Amy,femme
Ania,femme
Anne,femme
Anselme,homme
Ari,homme
Arnaud,homme
Assya,femme
Bakary,homme
Cameron,homme
Candice,femme
Christine,femme
Clea,femme
Cyril,homme
Daria,femme
elisa,femme
Elly,femme
Elodie,femme
Emeline,femme
emile,homme
emilie,femme
Emily,femme
Emir,homme
eva,femme
Fares,homme
Flavie,femme
Gautier,homme
Guilhem,homme
Hafsa,femme
Hayden,homme
Hermine,femme
Ian,homme
Idrissa,homme
Imene,femme
Islam,homme
Janna,femme
Jean-Baptiste,homme
Jibril,homme
Joan,homme
Johanna,femme
Katia,femme
Kenny,homme
Kilian,homme
Laetitia,femme
Lazare,homme
Leina,femme
Leyna,femme
Lindsay,femme
Liza,femme
Luce,femme
Mael,homme
Mahe,homme
Malia,femme
Marco,homme
Marlon,homme
Matias,homme
Matis,homme
Meriem,femme
Merlin,homme
Milhan,homme
Moustapha,homme
Nelia,femme
Neyla,femme
Noan,homme
Noelie,femme
Paola,femme
Rahma,femme
Raoul,homme
Rodrigue,homme
Ronan,homme
Salimata,femme
Samba,homme
Sebastien,homme
Sidonie,femme
Silas,homme
Sohane,femme
Souleyman,homme
Stefan,homme
Tania,femme
Tasnim,femme
Tiffany,femme
Vanessa,femme
Vasco,homme
Viktor,homme
Yani,homme
Yannis,homme
Yse,femme
Zakariya,homme
Aleksandra,femme
Alessia,femme
Alfred,homme
Allan,homme
Amalia,femme
Amara,homme
Ambrine,femme
Andrea,femme
Angela,femme
Angelina,femme
Annaelle,femme
Anya,femme
Aristide,homme
Artus,homme
Aubin,homme
Auriane,femme
Aziz,homme
Ben,homme
Binta,femme
Celestin,homme
Celestine,femme
Celian,homme
Chahine,homme
Djeneba,femme
Elena,femme
Elior,homme
Elyne,femme
Erin,femme
Evann,homme
eve,femme
Ezio,homme
Fadi,homme
Harry,homme
Hedi,homme
Helena,femme
Henry,homme
Hiba,femme
Hind,femme
Imrane,homme
Jaden,homme
Jason,homme
Jeremy,homme
Joanna,femme
Kadiatou,femme
Karl,homme
Kayna,femme
Khalil,homme
Killian,homme
Laetitia,femme
Lauren,femme
Laurent,homme
Leana,femme
Leonard,homme
Linda,femme
Linoi,femme
Liora,femme
Lisandro,homme
Lital,femme
Lois,homme
Lou-Ann,femme
Louay,homme
Louca,homme
Lydia,femme
Lyla,femme
Mae,femme
Maelie,femme
Maelyne,femme
Maeva,femme
Mahmoud,homme
Mailys,femme
Maiwenn,femme
Manelle,femme
Marko,homme
Matilde,femme
Mattia,homme
Melody,femme
Mendel,homme
Meryam,femme
Mohamed-Amine,homme
Nabil,homme
Nadia,femme
Natalia,femme
Nelly,femme
Nicole,femme
Noura,femme
Oliver,homme
Olympe,femme
Pacôme,homme
Pedro,homme
Ranya,femme
Safa,femme
Salim,homme
Samia,femme
Santiago,homme
Scarlett,femme
Selena,femme
Soumaya,femme
Tamara,femme
Thea,femme
Tiphaine,femme
Tomas,homme
Vianney,homme
Viviane,femme
Warren,homme
Willy,homme
Xavier,homme
Yohann,homme
Yossef,homme
Ysee,femme
Abdallah,homme
Abigail,femme
Aby,femme
Adame,homme
Adil,homme
Agnes,femme
Ahmad,homme
Aisha,femme
Alba,femme
Alexander,homme
Alima,femme
Alina,femme
Alissa,femme
Alizee,femme
Allegra,femme
Amanda,femme
Aris,homme
Arman,homme
Ayline,femme
Aymane,homme
Barbara,femme
Blessing,femme
Bonnie,femme
Brahim,homme
Brieuc,homme
Camilia,femme
Carl,homme
Cassandra,femme
Cassie,femme
Cecilia,femme
Chayma,femme
Clarence,homme
Clothilde,femme
Dani,homme
Daouda,homme
Darine,femme
Deborah,femme
Deborah,femme
El,homme
Ela,femme
Eleanore,femme
Eliana,femme
elias,homme
Elizabeth,femme
elodie,femme
Elyssa,femme
Enguerrand,homme
Erwann,homme
Fabio,homme
Fatouma,femme
Fiona,femme
Fode,homme
Goundo,femme
Grâce,femme
Haroun,homme
Haya,femme
Hillel,homme
Idris,homme
Iliana,femme
Ilona,femme
Imad,homme
Irina,femme
Isra,femme
Jayden,homme
Jimmy,homme
Joakim,homme
Joana,femme
Johann,homme
John,homme
Jonah,homme
Joris,homme
Josh,homme
Juan,homme
Kadidiatou,femme
Kelyan,homme
Keren,femme
Leny,homme
Leo,homme
Loris,homme
Louison,homme
Lyana,femme
Maceo,homme
Maissane,femme
Malick,homme
Marina,femme
Mark,homme
Matheo,homme
Matthew,homme
May,femme
Melanie,femme
Melodie,femme
Menahem,homme
Michael,homme
Mickael,homme
Miguel,homme
Minh,homme
Mohammad,homme
Mustapha,homme
Nadir,homme
Nail,homme
Naima,femme
Nathaniel,homme
Nayel,homme
Nelson,homme
Nikola,homme
Nohan,homme
Nola,femme
Oriane,femme
Paolo,homme
Patrick,homme
Philemon,homme
Quitterie,femme
Rosa,femme
Saad,homme
Safia,femme
Samson,homme
Sekou,homme
Selene,femme
Sharon,femme
Shelly,femme
Sherine,femme
Siloe,femme
Stephanie,femme
Sven,homme
Swann,homme
Sybille,femme
Tesnime,femme
Thalia,femme
Thibaud,homme
Tim,homme
Tommy,homme
Vladimir,homme
Wissem,homme
Yannick,homme
Yasmina,femme
Yassin,homme
Yoan,homme
Yousra,femme
Yuri,homme
Zephyr,homme
Abd,homme
Aicha,femme
Aidan,homme
Aiden,homme
Aimee,femme
Aina,femme
Aissa,femme
Aissatou,femme
Akram,homme
Alec,homme
Alone,homme
Aloys,homme
Alpha,homme
Anabelle,femme
Anass,homme
Ange,homme
Angel,femme
Angeline,femme
Anita,femme
Annabelle,femme
Antonia,femme
Arie,homme
Arielle,femme
Arij,femme
Armance,femme
Armelle,femme
Arwa,femme
Asia,femme
Asmaa,femme
Aurel,homme
Aydan,homme
Aylan,homme
Aylin,femme
Ayman,homme
Barnabe,homme
Barthelemy,homme
Bella,femme
Bradley,homme
Camila,femme
Cassiopee,femme
Castille,femme
Cerise,femme
Chahinez,femme
Charlene,femme
Charlize,femme
Cheikh,homme
Coralie,femme
Cosima,femme
Cyrielle,femme
Cyrine,femme
Dalla,femme
Daphnee,femme
Darren,homme
Dayane,homme
Dov,homme
Driss,homme
Eddy,homme
Eglantine,femme
eline,femme
Elissa,femme
Eloane,femme
eloi,homme
Eya,femme
Eytan,homme
Fantine,femme
Farouk,homme
Fatma,femme
Feryel,femme
Franck,homme
Franklin,homme
Gaelle,femme
Gary,homme
George,homme
Georgia,femme
Gianni,homme
Gwenaelle,femme
Hadja,femme
Hadriel,homme
Hajar,femme
Halima,femme
Hania,femme
Harouna,homme
Hatouma,femme
Hedi,homme
Helena,femme
Ilhan,homme
Iliane,homme
Ilyane,homme
Ilyess,homme
Ines,femme
Inza,homme
Issiaka,homme
Jacob,homme
Jacqueline,femme
Joanne,femme
Joe,homme
Josue,homme
Joyce,femme
Juliana,femme
Kadidia,femme
Kayla,femme
Keira,femme
Kenzi,homme
Kenzy,homme
Keyla,femme
Kim,homme
Laurine,femme
Leandro,homme
Leontine,femme
Leopoldine,femme
Leticia,femme
Levana,femme
Leyla,femme
Liana,femme
Lilie,femme
Lili-Rose,femme
Lilly,femme
Lily-Rose,femme
Lois,femme
Loise,femme
Lou-Anne,femme
Lounis,homme
Lubin,homme
Lucille,femme
Ludmila,femme
Mae,homme
Mamoudou,homme
Marie-Ange,femme
Matisse,homme
Matys,homme
Maxens,homme
Mayar,femme
Meryem,femme
Milla,femme
Mira,femme
Miya,femme
Monica,femme
Naia,femme
Nala,femme
Natacha,femme
Nelya,femme
Niame,femme
Niouma,femme
Nizar,homme
Noâm,homme
Nouha,homme
Olga,femme
Ophelie,femme
Paula,femme
Peter,homme
Priscille,femme
Prosper,homme
Prudence,femme
Rebecca,femme
Reda,homme
Reda,homme
Sadio,femme
Said,homme
Selena,femme
Shai,homme
Shaima,femme
Shaina,femme
Shannon,femme
Shayan,homme
Shayna,femme
Sherine,femme
Shirine,femme
Sihem,femme
Sohan,homme
Stephane,homme
Steven,homme
Swan,homme
Talya,femme
Tancrede,homme
Tanya,femme
Tao,homme
Tatiana,femme
Tea,femme
Terence,homme
Theo,homme
Theophane,homme
Tiana,femme
Tidiane,homme
Tina,femme
Tsipora,femme
Tyron,homme
Vera,femme
Viktoria,femme
Yahya,homme
Yamina,femme
Ylan,homme
Yoel,homme
Yuna,femme
Yvan,homme
Zacharia,homme
Zakary,homme
